Restaurante Versalles,1,U1001
El Rincon De San Francisco,2,U1001
Restaurant El Muladar De Calzada,1,U1001
Restaurante La Gran Via,1,U1001
Restaurant De Mariscos De Picon,1,U1001
Restaurant Los Compadres,1,U1001
Tortas Locas Hipocampo,0,U1001
Puesto De Tacos,2,U1001
Rincon Huasteco,1,U1001
Tortas Locas Hipocampo,1,U1002
El Pueblito,1,U1002
Luna Cafe,2,U1002
Restaurant Bar Hacienda Los Martinez,1,U1002
La Posada Del Virrey,2,U1002
La Cantina Restaurante,1,U1002
Puesto De Tacos,2,U1002
El Rincón De San Francisco,1,U1002
Restaurante El Cielo Potosino,1,U1002
Crudalia,2,U1002
Restaurant Bar Hacienda Los Martinez,2,U1003
Cabana Huasteca,2,U1003
Koye Sushi,2,U1003
Los Toneles,2,U1003
La Estrella De Dimas,2,U1003
Gordas De Morales,2,U1003
Cafe Punta Del Cielo,2,U1003
Rockabilly,2,U1003
Luna Cafe,0,U1003
La Posada Del Virrey,1,U1003
Mariscos El Pescador,2,U1003
Puesto De Tacos,2,U1003
Restaurante El Chivero S.A. De C.V.,0,U1003
Tacos Los Volcanes,2,U1004
Emilianos,2,U1004
La Parroquia,2,U1004
Cafeteria Y Restaurant El Pacifico,2,U1004
Restaurante El Cielo Potosino,2,U1004
El Rincón De San Francisco,2,U1004
La Virreina,2,U1004
Restaurante Marisco Sam,1,U1004
Cafeteria Y Restaurant El Pacifico,2,U1005
Restaurant Oriental Express,2,U1005
Pizza Clasica,0,U1005
El Herradero Restaurante And Bar,1,U1005
Luna Cafe,1,U1005
Restaurante Guerra,2,U1005
Rincon Huasteco,1,U1005
Restaurante Pueblo Bonito,2,U1005
Restaurante La Estrella De Dima,1,U1005
Dairy Queen,2,U1006
Preambulo Wifi Zone Cafe,1,U1006
Restaurante Bar Fu-Hao,1,U1006
Puesto De Tacos,1,U1006
Mariscos El Pescador,1,U1006
Cafe Chaires,1,U1006
Cafe Punta Del Cielo,2,U1006
La Cantina,2,U1006
Shi Ro Ie,2,U1006
Koye Sushi,1,U1006
La Parroquia,1,U1006
Restaurant La Chalita,1,U1007
Cafe Chaires,1,U1007
McDonalds Parque Tangamanga,0,U1007
Cafeteria Y Restaurant El Pacifico,1,U1007
El Rincon De San Francisco,1,U1007
Tortas Locas Hipocampo,1,U1007
Restaurante Tiberius,1,U1007
El Herradero Restaurante And Bar,1,U1007
Potzocalli,1,U1007
Restaurante Y Pescaderia Tampico,1,U1008
El Lechon Potosino,1,U1008
Abondance Restaurante Bar,1,U1008
Dominos Pizza,1,U1008
KFC,1,U1008
Potzocalli,1,U1008
Sirlone,2,U1008
Hamburguesas Valle Dorado,1,U1008
Chaires,1,U1008
Koye Sushi,1,U1009
Restaurante Alhondiga,0,U1009
La Cantina Restaurante,2,U1009
Puesto De Tacos,1,U1009
Restaurant La Chalita,2,U1009
Restaurante Tiberius,1,U1009
Gorditas Doa Gloria,2,U1009
Restaurant Bar Hacienda Los Martinez,2,U1009
Restaurante Marisco Sam,1,U1009
La Posada Del Virrey,2,U1009
Cabana Huasteca,1,U1009
Restaurante Pueblo Bonito,1,U1010
Restaurant Oriental Express,2,U1010
El Angel Restaurante,1,U1010
Restaurante Casa De Las Flores,1,U1010
Restaurante El Chivero S.A. De C.V.,0,U1010
Koye Sushi,0,U1010
Restaurante Tiberius,1,U1010
La Fontana Pizza Restaurante And Cafe,1,U1010
Tacos De La Estacion,1,U1011
Church's,1,U1011
Tortas Hawaii,2,U1011
El Oceano Dorado,2,U1012
Restaurant Las Mañanitas,2,U1012
Sanborns Casa Piedra,2,U1012
Restaurant And Bar And Clothesline Carlos N Charlies,2,U1012
Vips,1,U1012
Restaurante Marisco Sam,1,U1013
Vips,2,U1013
Mariscos El Pescador,2,U1013
Cafe Chaires,1,U1013
Crudalia,2,U1013
Shi Ro Ie,2,U1013
Restaurante Pueblo Bonito,1,U1013
Tortas Locas Hipocampo,1,U1013
Sushi Itto,2,U1013
Koye Sushi,1,U1013
La Estrella De Dimas,0,U1014
Rincon Huasteco,2,U1014
Restaurante Guerra,2,U1014
Restaurant Oriental Express,1,U1014
Pizza Clasica,1,U1014
Restaurante 75,2,U1014
El Herradero Restaurante And Bar,1,U1014
El Club,2,U1014
Restaurante La Estrella De Dima,2,U1014
Abondance Restaurante Bar,1,U1014
Restaurante Pueblo Bonito,1,U1014
Sirloin Stockade,1,U1015
KFC,1,U1015
Dominos Pizza,2,U1015
Restaurante Y Pescaderia Tampico,1,U1015
Tortas Y Hamburguesas El Gordo,0,U1015
Chaires,0,U1015
Cenaduria El Rincón De Tlaquepaque,1,U1015
Restaurante La Cantina,0,U1015
Restaurante El Cielo Potosino,2,U1016
Restaurante Versalles,2,U1016
La Posada Del Virrey,2,U1016
La Cantina Restaurante,2,U1016
Tortas Locas Hipocampo,2,U1016
Restaurante Guerra,2,U1016
Restaurante Marisco Sam,2,U1016
Restaurante La Gran Via,2,U1016
Unicol's Pizza,2,U1016
El Rincón De San Francisco,2,U1016
Cafeteria Y Restaurant El Pacifico,2,U1016
Restaurant Oriental Express,1,U1016
Gorditas Doa Gloria,2,U1016
Restaurant And Bar And Clothesline Carlos N Charlies,0,U1017
Rincon Del Bife,2,U1017
Mariscos Tia Licha,1,U1017
Potzocalli,1,U1018
Abondance Restaurante Bar,0,U1018
El Rincon De San Francisco,1,U1018
Restaurante El Cielo Potosino,0,U1018
Cafeteria Y Restaurant El Pacifico,1,U1018
Restaurante Guerra,1,U1018
El Herradero Restaurante And Bar,1,U1018
El Club,1,U1018
La Estrella De Dimas,2,U1018
Pizza Clasica,0,U1018
McDonalds Parque Tangamanga,0,U1019
Restaurante El Cielo Potosino,0,U1019
Gorditas Doa Gloria,0,U1019
Crudalia,0,U1019
Koye Sushi,0,U1019
Unicol's Pizza,0,U1019
Restaurant La Chalita,0,U1019
Restaurante Pueblo Bonito,0,U1019
Rincon Huasteco,0,U1019
Paniroles,2,U1020
Sanborns Casa Piedra,1,U1020
Mariscos Tia Licha,2,U1020
Cafeteria Cenidet,1,U1020
Tacos De La Estacion,2,U1021
Tacos El Guero,2,U1021
Carreton De Flautas Y Migadas,2,U1021
Restaurante Alhondiga,2,U1022
Restaurante El Cielo Potosino,1,U1022
Restaurante Bar El Gallinero,2,U1022
Restaurante Versalles,2,U1022
Restaurante La Gran Via,2,U1022
El Club,0,U1022
Restaurant La Chalita,2,U1022
La Cantina Restaurante,2,U1022
Restaurante Marisco Sam,1,U1022
El Herradero Restaurante And Bar,2,U1022
Cafeteria Y Restaurant El Pacifico,1,U1022
El Rincon De San Francisco,0,U1022
Restaurant El Muladar De Calzada,1,U1022
Restaurant Los Compadres,0,U1022
Little Caesars,2,U1023
Carreton De Flautas Y Migadas,0,U1023
Tortas Hawaii,0,U1023
Tacos De La Estacion,0,U1023
Preambulo Wifi Zone Cafe,1,U1024
La Virreina,1,U1024
Restaurant La Chalita,1,U1024
Luna Cafe,1,U1024
Restaurante Versalles,1,U1024
Restaurante Bar El Gallinero,1,U1024
Restaurant Orizatlan,1,U1024
Restaurante La Gran Via,2,U1024
Restaurant De Mariscos De Picon,2,U1024
Cafeteria Y Restaurant El Pacifico,2,U1024
Restaurante Marisco Sam,1,U1024
Puesto De Tacos,1,U1024
Restaurant Oriental Express,1,U1024
El Rincón De San Francisco,1,U1024
Gorditas Doa Gloria,1,U1024
Rincon Huasteco,2,U1025
Restaurante El Chivero S.A. De C.V.,2,U1025
El Lechon Potosino,2,U1025
Restaurante Casa De Las Flores,1,U1025
La Virreina,2,U1025
Puesto De Tacos,0,U1025
Tacos Los Volcanes,1,U1025
Restaurante La Cantina,2,U1025
Don Burguers,2,U1025
Sirloin Stockade,1,U1025
Chaires,2,U1025
Tacos Correcaminos,2,U1026
Carnitas Mata  Calle 16 de Septiembre,0,U1026
Gorditas Dona Tota,0,U1026
Cafe Ambar,1,U1026
La Perica Hamburguesa,2,U1026
Restaurante El Cielo Potosino,1,U1027
Restaurant Oriental Express,1,U1027
Tortas Locas Hipocampo,1,U1027
Shi Ro Ie,1,U1027
Pizzeria Julios,1,U1027
El Pueblito,1,U1027
Vips,1,U1027
Rockabilly,1,U1027
La Cantina Restaurante,1,U1027
Crudalia,1,U1027
Restaurante Guerra,0,U1027
Carnitas Mata,2,U1028
Tacos Abi,0,U1028
Palomo Tec,2,U1028
Carreton De Flautas Y Migadas,1,U1028
Vips,0,U1028
Little Caesars,1,U1028
Taqueria El Amigo,1,U1028
Cafe Punta Del Cielo,1,U1029
La Posada Del Virrey,1,U1029
Crudalia,1,U1029
Puesto De Tacos,1,U1029
Cabana Huasteca,0,U1029
Gorditas Doa Gloria,0,U1029
Tortas Locas Hipocampo,1,U1029
Rockabilly,1,U1029
Restaurant Bar Hacienda Los Martinez,2,U1029
Restaurante Casa De Las Flores,1,U1029
Sanborns Casa Piedra,0,U1030
Paniroles,0,U1030
Restaurant Bar Coty Y Pablo,0,U1030
Restaurant Familiar El Chino,0,U1030
Arrachela Grill,0,U1030
Cafeteria Cenidet,1,U1030
Restaurant Las Mañanitas,2,U1030
El Oceano Dorado,2,U1030
Tacos El Guero,0,U1031
Tacos Correcaminos,0,U1031
Tacos Abi,0,U1031
Cafeteria Y Restaurant El Pacifico,0,U1032
Restaurante Marisco Sam,1,U1032
Gorditas Doa Gloria,1,U1032
Restaurant La Chalita,1,U1032
Unicol's Pizza,1,U1032
Restaurant Oriental Express,0,U1032
Tortas Locas Hipocampo,1,U1032
Koye Sushi,2,U1032
Restaurante Tiberius,2,U1032
Pizzeria Julios,1,U1032
Preambulo Wifi Zone Cafe,2,U1033
Restaurant La Chalita,1,U1033
Mariscos El Pescador,2,U1033
Crudalia,2,U1033
Cafe Chaires,1,U1033
Vips,2,U1033
Restaurante La Gran Via,2,U1033
Restaurante El Reyecito,2,U1033
Tortas Locas Hipocampo,2,U1033
La Virreina,2,U1033
El Angel Restaurante,1,U1033
El Mundo De La Pasta,1,U1034
La Cochinita Pibil Restaurante Yucateco,0,U1034
Dairy Queen,0,U1034
Gordas De Morales,1,U1034
Restaurante De Mariscos La Langosta,0,U1034
McDonalds Parque Tangamanga,1,U1034
Restaurant Las Mañanitas,2,U1035
Sanborns Casa Piedra,2,U1035
Restaurant Los Pinos,2,U1035
McDonalds Centro,1,U1035
El Cotorreo,2,U1035
El Oceano Dorado,1,U1035
Restaurante La Gran Via,2,U1036
El Angel Restaurante,0,U1036
Cabana Huasteca,2,U1036
La Cantina Restaurante,2,U1036
Restaurant Bar Hacienda Los Martinez,2,U1036
Puesto De Tacos,2,U1036
El Rincon De San Francisco,2,U1036
Tortas Locas Hipocampo,2,U1036
Restaurant Oriental Express,2,U1036
Koye Sushi,2,U1036
Restaurante El Chivero S.A. De C.V.,2,U1036
Gorditas Doa Gloria,1,U1036
Sirlone,1,U1037
KFC,2,U1037
Dominos Pizza,1,U1037
Restaurante La Cantina,1,U1037
Rincon Huasteco,2,U1037
Don Burguers,1,U1037
Potzocalli,2,U1037
Cenaduria El Rincón De Tlaquepaque,0,U1037
Restaurante 75,0,U1037
La Estrella De Dimas,0,U1037
Restaurante Y Pescaderia Tampico,2,U1037
La Posada Del Virrey,2,U1038
Carl's Jr,1,U1038
Hamburguesas Valle Dorado,0,U1038
Unicol's Pizza,0,U1038
Sirlone,1,U1038
Tacos Correcaminos,1,U1039
Church's,1,U1039
La Perica Hamburguesa,2,U1039
Restaurant Bar Coty Y Pablo,1,U1040
Giovannis,2,U1040
Kiku Cuernavaca,1,U1040
El Cotorreo,1,U1040
Paniroles,1,U1041
Mariscos Tia Licha,2,U1041
Restaurant Teely,2,U1041
Subway,2,U1041
Restaurant And Bar And Clothesline Carlos N Charlies,2,U1041
Vips,1,U1041
Restaurant Teely,1,U1042
Restaurant Las Mañanitas,2,U1042
Sanborns Casa Piedra,2,U1042
Subway,1,U1042
Mariscos Tia Licha,2,U1042
Palomo Tec,1,U1043
Taqueria El Amigo,1,U1043
Carnitas Mata,1,U1043
Pollo Frito Buenos Aires,1,U1043
Hamburguesas La Perica,1,U1043
Mariscos Tia Licha,2,U1044
Restaurant Las Mañanitas,2,U1044
Chilis Cuernavaca,0,U1044
McDonalds Centro,1,U1044
Cafeteria Cenidet,2,U1044
Luna Cafe,1,U1045
Restaurante Versalles,2,U1045
Restaurante Marisco Sam,2,U1045
La Cantina Restaurante,1,U1045
Gorditas Doa Gloria,1,U1045
Cafeteria Y Restaurant El Pacifico,0,U1045
Tortas Locas Hipocampo,2,U1045
Unicol's Pizza,1,U1045
Restaurante El Chivero S.A. De C.V.,0,U1045
Puesto De Tacos,2,U1045
Carl's Jr,1,U1046
Vips,1,U1046
Restaurante Tiberius,2,U1046
Cafe Chaires,1,U1046
Tortas Locas Hipocampo,1,U1046
Crudalia,2,U1046
El Angel Restaurante,2,U1046
Restaurant Wu Zhuo Yi,1,U1046
La Cantina,1,U1046
Dairy Queen,0,U1047
Sirloin Stockade,0,U1047
Shi Ro Ie,0,U1047
Gordas De Morales,2,U1048
La Estrella De Dimas,2,U1048
El Angel Restaurante,2,U1048
Restaurante Bar Fu-Hao,0,U1048
Michiko Restaurant Japones,2,U1048
La Cantina,2,U1048
Restaurante De Mariscos La Langosta,1,U1048
La Cantina Restaurante,0,U1049
La Posada Del Virrey,0,U1049
Tortas Locas Hipocampo,0,U1049
Restaurante Versalles,0,U1049
Cafeteria Y Restaurant El Pacifico,0,U1049
Restaurant Oriental Express,0,U1049
Crudalia,0,U1049
Luna Cafe,0,U1049
Puesto De Tacos,0,U1049
Gorditas Doña Tota,0,U1050
Tacos De Barbacoa Enfrente Del Tec,0,U1050
Carreton De Flautas Y Migadas,0,U1050
Puesto de Gorditas,0,U1050
Hamburguesas La Perica,0,U1050
Pollo Frito Buenos Aires,0,U1050
Taqueria El Amigo,0,U1050
Sanborns Casa Piedra,1,U1051
Mariscos Tia Licha,1,U1051
Paniroles,1,U1051
Cafeteria Cenidet,1,U1051
Tortas Y Hamburguesas El Gordo,1,U1052
Dominos Pizza,2,U1052
Chaires,2,U1052
KFC,1,U1052
Restaurante Casa De Las Flores,2,U1053
Restaurante El Cielo Potosino,2,U1053
Restaurante Marisco Sam,2,U1053
Restaurant La Chalita,2,U1053
El Rincon De San Francisco,2,U1053
El Club,2,U1053
Cabana Huasteca,1,U1053
La Fontana Pizza Restaurante And Cafe,2,U1053
Restaurant Oriental Express,2,U1053
Restaurante Alhondiga,2,U1053
Puesto De Tacos,1,U1053
Cafeteria Y Restaurant El Pacifico,2,U1053
Restaurante Pueblo Bonito,1,U1053
Restaurante La Gran Via,2,U1054
Cafeteria Y Restaurant El Pacifico,1,U1054
Restaurant La Chalita,2,U1054
Luna Cafe,2,U1054
El Rincon De San Francisco,2,U1054
Restaurante Versalles,2,U1054
Unicol's Pizza,2,U1054
La Cantina Restaurante,2,U1054
Restaurant De Mariscos De Picon,2,U1054
Restaurante Marisco Sam,2,U1054
Restaurante El Cielo Potosino,2,U1054
Puesto De Tacos,2,U1055
Cabana Huasteca,2,U1055
Restaurante Casa De Las Flores,2,U1055
Restaurante Bar Fu-Hao,2,U1055
El Rincón De San Francisco,2,U1055
El Rincon De San Francisco,2,U1055
La Virreina,2,U1055
Cafe Chaires,2,U1055
Mariscos El Pescador,2,U1055
Restaurante Versalles,1,U1055
Restaurante Versalles,2,U1056
Puesto De Tacos,2,U1056
La Cantina Restaurante,2,U1056
Tortas Locas Hipocampo,2,U1056
Restaurant Orizatlan,2,U1056
Restaurante El Cielo Potosino,2,U1056
El Club,2,U1056
Restaurante Pueblo Bonito,2,U1056
Restaurante La Estrella De Dima,0,U1056
Restaurante Guerra,2,U1056
Gorditas Doa Gloria,1,U1057
Preambulo Wifi Zone Cafe,1,U1057
Mariscos El Pescador,0,U1057
La Posada Del Virrey,1,U1057
Restaurante El Reyecito,1,U1057
Restaurante El Chivero S.A. De C.V.,1,U1057
Puesto De Tacos,1,U1057
Los Toneles,1,U1057
La Parroquia,1,U1057
Pizza Clasica,1,U1057
Restaurante 75,1,U1057
La Cochinita Pibil Restaurante Yucateco,2,U1058
Restaurante El Cielo Potosino,2,U1058
Restaurante Guerra,1,U1058
Pizzeria Julios,2,U1058
Restaurante La Estrella De Dima,1,U1058
Hamburguesas Saul,1,U1058
La Fontana Pizza Restaurante And Cafe,2,U1058
Restaurante Tiberius,2,U1058
Pizza Clasica,1,U1058
Restaurante Pueblo Bonito,2,U1058
Cabana Huasteca,2,U1059
Puesto De Tacos,2,U1059
Preambulo Wifi Zone Cafe,2,U1059
Tortas Locas Hipocampo,2,U1059
La Posada Del Virrey,0,U1059
Restaurant Wu Zhuo Yi,2,U1059
Emilianos,2,U1059
La Virreina,1,U1059
Mariscos El Pescador,2,U1059
Restaurante El Chivero S.A. De C.V.,1,U1059
Carreton De Flautas Y Migadas,1,U1060
Little Caesars,2,U1060
Tortas Hawaii,2,U1060
Church's,2,U1060
La Parroquia,2,U1061
Tacos Los Volcanes,2,U1061
Emilianos,2,U1061
Los Toneles,2,U1061
Cabana Huasteca,2,U1061
McDonalds Parque Tangamanga,1,U1061
Gorditas Doa Gloria,1,U1061
Restaurante Tiberius,1,U1061
Cafe Chaires,1,U1061
Restaurante El Reyecito,1,U1061
Luna Cafe,2,U1061
Michiko Restaurant Japones,2,U1061
Mariscos El Pescador,2,U1061
Gordas De Morales,2,U1061
La Cantina,2,U1061
Crudalia,1,U1061
Restaurante Bar Fu-Hao,2,U1061
Puesto De Tacos,1,U1061
Gorditas Doa Gloria,0,U1062
Restaurante La Gran Via,0,U1062
Restaurant La Chalita,0,U1062
Restaurante El Cielo Potosino,0,U1062
La Cantina Restaurante,0,U1062
Puesto De Tacos,0,U1062
La Fontana Pizza Restaurante And Cafe,0,U1062
Tortas Locas Hipocampo,0,U1062
Pizzeria Julios,0,U1062
Little Pizza Emilio Portes Gil,1,U1063
Vips,1,U1063
Pollo Frito Buenos Aires,1,U1063
Gorditas Doña Tota,2,U1063
Carnitas Mata Calle Emilio Portes Gil,2,U1063
La Cantina Restaurante,2,U1064
Restaurante Marisco Sam,1,U1064
Abondance Restaurante Bar,0,U1064
El Herradero Restaurante And Bar,1,U1064
Restaurant Oriental Express,1,U1064
Carnitas Mata  Calle 16 de Septiembre,1,U1065
Cafe Ambar,1,U1065
Tacos Correcaminos,1,U1065
Gorditas Dona Tota,2,U1065
La Perica Hamburguesa,1,U1065
Giovannis,1,U1066
Restaurant Familiar El Chino,1,U1066
Restaurant Bar Coty Y Pablo,2,U1066
Kiku Cuernavaca,1,U1066
Los Vikingos,1,U1066
Puesto de Gorditas,1,U1067
Vips,0,U1067
Palomo Tec,1,U1067
Taqueria El Amigo,1,U1067
Little Caesars,1,U1067
Gorditas Doña Tota,2,U1067
Carnitas Mata Calle Emilio Portes Gil,0,U1068
Tacos De Barbacoa Enfrente Del Tec,1,U1068
Little Caesars,1,U1068
Palomo Tec,1,U1068
Taqueria El Amigo,0,U1068
Tacos Abi,1,U1068
Carreton De Flautas Y Migadas,0,U1068
Vips,1,U1068
Don Burguers,0,U1069
KFC,1,U1069
Cenaduria El Rincón De Tlaquepaque,0,U1069
El Lechon Potosino,0,U1069
Abondance Restaurante Bar,0,U1069
Hamburguesas Valle Dorado,0,U1069
Potzocalli,0,U1069
La Estrella De Dimas,0,U1069
Restaurante 75,0,U1069
Carnitas Mata,1,U1070
Pollo Frito Buenos Aires,1,U1070
Hamburguesas La Perica,2,U1070
Preambulo Wifi Zone Cafe,2,U1071
El Rincon De San Francisco,2,U1071
La Virreina,2,U1071
Restaurant De Mariscos De Picon,2,U1071
Gorditas Doa Gloria,1,U1071
Cafeteria Y Restaurant El Pacifico,2,U1071
Unicol's Pizza,2,U1071
Puesto De Tacos,2,U1071
Restaurant Oriental Express,2,U1071
Restaurante Marisco Sam,1,U1071
La Cantina Restaurante,2,U1071
Restaurante Alhondiga,2,U1071
La Posada Del Virrey,2,U1071
Restaurant Los Pinos,0,U1072
Cafeteria Cenidet,0,U1072
El Cotorreo,2,U1072
Arrachela Grill,1,U1072
La Posada Del Virrey,0,U1073
El Angel Restaurante,0,U1073
Restaurante Marisco Sam,0,U1073
Gorditas Doa Gloria,0,U1073
La Cantina Restaurante,0,U1073
La Parroquia,0,U1073
Vips,0,U1073
Los Toneles,0,U1073
Restaurante El Chivero S.A. De C.V.,0,U1073
Cafe Chaires,0,U1073
Restaurante El Cielo Potosino,0,U1073
Log Yin,2,U1074
Chilis Cuernavaca,2,U1074
Los Vikingos,2,U1074
Luna Cafe,1,U1075
Restaurante Versalles,1,U1075
Restaurant De Mariscos De Picon,2,U1075
Restaurante El Cielo Potosino,1,U1075
Rincon Huasteco,1,U1075
El Herradero Restaurante And Bar,2,U1075
Gorditas Doa Gloria,1,U1075
Cafeteria Y Restaurant El Pacifico,1,U1075
Restaurante Pueblo Bonito,2,U1075
Restaurante La Estrella De Dima,2,U1075
Restaurante Guerra,2,U1075
El Club,1,U1075
Restaurante Bar El Gallinero,2,U1076
Restaurant Oriental Express,2,U1076
Restaurant Orizatlan,0,U1076
Restaurant La Chalita,1,U1076
Restaurant De Mariscos De Picon,2,U1076
Restaurant Orizatlan,0,U1077
Restaurante Marisco Sam,1,U1077
Puesto De Tacos,2,U1077
Restaurant La Chalita,2,U1077
Tortas Locas Hipocampo,2,U1077
La Cantina Restaurante,2,U1078
Gorditas Doa Gloria,0,U1078
Luna Cafe,2,U1078
El Rincón De San Francisco,2,U1078
Restaurante Marisco Sam,2,U1078
El Club,1,U1078
Hamburguesas Saul,1,U1078
Mikasa,1,U1079
Mariscos Tia Licha,2,U1079
Log Yin,1,U1079
Restaurant Las Mañanitas,2,U1079
Tacos De La Estacion,1,U1080
Church's,1,U1080
Hamburguesas La Perica,2,U1080
Little Caesars,1,U1080
Carnitas Mata Calle Emilio Portes Gil,2,U1080
Tacos El Guero,1,U1080
Restaurant Orizatlan,0,U1081
Preambulo Wifi Zone Cafe,1,U1081
La Cantina Restaurante,0,U1081
Tortas Locas Hipocampo,1,U1081
La Virreina,1,U1081
Cafeteria Y Restaurant El Pacifico,0,U1081
Puesto De Tacos,1,U1081
Restaurant De Mariscos De Picon,0,U1081
Pizza Clasica,0,U1081
Restaurante Pueblo Bonito,1,U1081
Abondance Restaurante Bar,1,U1081
Little Caesars,0,U1082
Taqueria El Amigo,0,U1082
Puesto de Gorditas,0,U1082
Tacos Abi,0,U1082
Pollo Frito Buenos Aires,0,U1082
Hamburguesas La Perica,0,U1082
Tacos De Barbacoa Enfrente Del Tec,0,U1082
Carnitas Mata,0,U1082
Palomo Tec,1,U1082
Restaurant Wu Zhuo Yi,1,U1083
La Estrella De Dimas,2,U1083
Restaurante La Parroquia Potosina,2,U1083
Sushi Itto,1,U1083
Restaurante De Mariscos La Langosta,0,U1083
Cafe Chaires,2,U1083
Restaurante El Reyecito,2,U1083
Gordas De Morales,1,U1083
Michiko Restaurant Japones,2,U1083
Gordas De Morales,1,U1084
Tortas Locas Hipocampo,2,U1084
Carl's Jr,2,U1084
Restaurante La Gran Via,2,U1084
El Mundo De La Pasta,2,U1084
La Cantina,2,U1084
Preambulo Wifi Zone Cafe,2,U1084
Sushi Itto,2,U1084
La Posada Del Virrey,2,U1084
Restaurante Tiberius,1,U1084
Puesto De Tacos,2,U1085
La Cochinita Pibil Restaurante Yucateco,2,U1085
Pizzeria Julios,0,U1085
Restaurant Bar Hacienda Los Martinez,2,U1085
Restaurant Oriental Express,0,U1085
El Club,2,U1085
Restaurante Pueblo Bonito,2,U1085
Restaurante La Estrella De Dima,2,U1085
Hamburguesas Saul,0,U1085
Pizza Clasica,2,U1085
Vips,1,U1086
Restaurante Marisco Sam,1,U1086
Luna Cafe,2,U1086
Restaurante La Gran Via,2,U1086
Rockabilly,2,U1086
Cafe Punta Del Cielo,2,U1086
Tortas Locas Hipocampo,2,U1086
Crudalia,1,U1086
Restaurante Alhondiga,1,U1086
Tacos Abi,1,U1087
Tacos De Barbacoa Enfrente Del Tec,1,U1087
Puesto de Gorditas,1,U1087
Carreton De Flautas Y Migadas,1,U1087
Taqueria El Amigo,2,U1087
Carnitas Mata Calle Emilio Portes Gil,1,U1087
Vips,1,U1087
Little Pizza Emilio Portes Gil,2,U1087
Restaurante Versalles,2,U1088
El Club,1,U1088
Cafeteria Y Restaurant El Pacifico,2,U1088
Restaurante 75,2,U1088
Restaurante Y Pescaderia Tampico,2,U1088
Restaurante La Cantina,0,U1088
La Estrella De Dimas,2,U1088
Abondance Restaurante Bar,1,U1088
Luna Cafe,2,U1088
El Herradero Restaurante And Bar,1,U1088
Potzocalli,2,U1088
Rincon Huasteco,0,U1088
Koye Sushi,0,U1089
Restaurant La Chalita,0,U1089
Shi Ro Ie,1,U1089
Gorditas Doa Gloria,1,U1089
Sushi Itto,1,U1089
Tortas Locas Hipocampo,1,U1089
Pizzeria Julios,1,U1089
La Cantina,1,U1089
Cabana Huasteca,1,U1089
Crudalia,1,U1089
Vips,1,U1089
La Virreina,1,U1089
Restaurante El Chivero S.A. De C.V.,1,U1089
Restaurante Tiberius,1,U1089
El Pueblito,2,U1090
El Rincon De San Francisco,2,U1090
Cafe Punta Del Cielo,2,U1090
Tortas Locas Hipocampo,2,U1090
La Parroquia,2,U1090
Restaurante Versalles,1,U1090
La Posada Del Virrey,2,U1090
La Cantina Restaurante,2,U1090
Restaurante El Cielo Potosino,2,U1090
Cafe Chaires,1,U1090
El Mundo De La Pasta,1,U1091
Dairy Queen,2,U1091
Cafe Chaires,2,U1091
Los Toneles,0,U1091
McDonalds Parque Tangamanga,1,U1091
Shi Ro Ie,1,U1091
Carl's Jr,1,U1091
Mariscos El Pescador,2,U1091
Puesto De Tacos,0,U1091
Gordas De Morales,1,U1092
El Rincon De San Francisco,2,U1092
Cafe Chaires,1,U1092
Restaurante El Reyecito,0,U1092
Tortas Locas Hipocampo,0,U1092
Restaurante La Cantina,1,U1092
Los Vikingos,1,U1093
Restaurant Familiar El Chino,2,U1093
Giovannis,2,U1093
Kiku Cuernavaca,2,U1093
Log Yin,2,U1093
Vips,2,U1093
Sanborns Casa Piedra,2,U1093
Restaurant Bar Coty Y Pablo,2,U1093
Abondance Restaurante Bar,0,U1094
Potzocalli,0,U1094
Restaurante 75,0,U1094
Rincon Huasteco,0,U1094
Restaurante La Cantina,0,U1094
El Herradero Restaurante And Bar,0,U1094
La Estrella De Dimas,0,U1094
Restaurante Y Pescaderia Tampico,0,U1094
Sushi Itto,2,U1095
El Mundo De La Pasta,2,U1095
Restaurante El Chivero S.A. De C.V.,1,U1095
La Cochinita Pibil Restaurante Yucateco,2,U1095
McDonalds Parque Tangamanga,1,U1095
Gordas De Morales,2,U1095
Carl's Jr,1,U1095
Restaurante Tiberius,1,U1095
Michiko Restaurant Japones,2,U1095
Pizzeria Julios,1,U1095
Mariscos El Pescador,1,U1096
Tacos Los Volcanes,1,U1096
Gordas De Morales,1,U1096
Emilianos,2,U1096
La Cantina,2,U1096
La Cochinita Pibil Restaurante Yucateco,2,U1096
McDonalds Parque Tangamanga,1,U1096
Restaurante El Chivero S.A. De C.V.,1,U1096
Sushi Itto,1,U1096
El Rincon De San Francisco,2,U1096
Shi Ro Ie,2,U1096
Carl's Jr,2,U1097
La Fontana Pizza Restaurante And Cafe,2,U1097
McDonalds Parque Tangamanga,2,U1097
Michiko Restaurant Japones,2,U1097
Restaurante De Mariscos La Langosta,2,U1097
Dairy Queen,1,U1097
Emilianos,2,U1097
Crudalia,2,U1097
La Cantina,1,U1097
Tacos Los Volcanes,2,U1097
La Parroquia,1,U1097
Restaurante Tiberius,2,U1097
Koye Sushi,2,U1097
Crudalia,1,U1098
La Posada Del Virrey,1,U1098
Restaurante El Reyecito,1,U1098
Carl's Jr,2,U1098
Restaurant La Chalita,1,U1098
Cafeteria Y Restaurant El Pacifico,2,U1098
Koye Sushi,2,U1098
Puesto De Tacos,1,U1098
Tortas Locas Hipocampo,1,U1098
Unicol's Pizza,1,U1098
Restaurante Marisco Sam,2,U1098
Hamburguesas Saul,1,U1098
Restaurant Oriental Express,1,U1099
Restaurante La Gran Via,1,U1099
Restaurante Marisco Sam,2,U1099
Restaurant La Chalita,0,U1099
Restaurante Guerra,1,U1099
Unicol's Pizza,1,U1099
Pizzeria Julios,1,U1099
Hamburguesas Saul,0,U1099
Pizza Clasica,2,U1099
Gorditas Doa Gloria,2,U1099
Restaurante Pueblo Bonito,1,U1099
Log Yin,2,U1100
Mariscos Tia Licha,2,U1100
Vips,2,U1100
Restaurant Los Pinos,2,U1100
Sanborns Casa Piedra,2,U1100
Subway,2,U1100
Luna Cafe,0,U1101
La Cantina Restaurante,2,U1101
Restaurante Versalles,2,U1101
Restaurant La Chalita,2,U1101
Cafeteria Y Restaurant El Pacifico,2,U1101
Unicol's Pizza,1,U1101
El Rincón De San Francisco,0,U1101
Restaurante Bar El Gallinero,1,U1101
Restaurant Orizatlan,2,U1101
Restaurant De Mariscos De Picon,1,U1101
Don Burguers,2,U1102
Tortas Y Hamburguesas El Gordo,2,U1102
Hamburguesas Valle Dorado,2,U1102
Sirlone,2,U1102
El Lechon Potosino,2,U1102
Little Caesars,2,U1103
Tacos Abi,1,U1103
Vips,1,U1103
Little Pizza Emilio Portes Gil,1,U1103
Carnitas Mata,2,U1103
Palomo Tec,1,U1103
Taqueria El Amigo,0,U1103
Gorditas Doña Tota,1,U1103
Luna Cafe,1,U1104
Restaurant El Muladar De Calzada,1,U1104
Restaurante Casa De Las Flores,1,U1104
El Rincon De San Francisco,2,U1104
Cafeteria Y Restaurant El Pacifico,2,U1104
La Cantina Restaurante,1,U1104
Gorditas Doa Gloria,1,U1104
Restaurante El Cielo Potosino,1,U1104
Preambulo Wifi Zone Cafe,2,U1104
Tortas Locas Hipocampo,2,U1104
Puesto De Tacos,1,U1104
Restaurant De Mariscos De Picon,0,U1104
La Cantina Restaurante,0,U1105
Restaurant De Mariscos De Picon,0,U1105
Restaurante Y Pescaderia Tampico,0,U1105
Restaurant El Muladar De Calzada,0,U1105
Restaurant Los Compadres,0,U1105
Rincon Huasteco,0,U1105
Abondance Restaurante Bar,0,U1105
El Herradero Restaurante And Bar,0,U1105
Restaurante El Chivero S.A. De C.V.,2,U1106
Koye Sushi,2,U1106
Preambulo Wifi Zone Cafe,2,U1106
La Posada Del Virrey,2,U1106
Restaurante El Cielo Potosino,2,U1106
Tortas Locas Hipocampo,2,U1106
Restaurante Guerra,2,U1106
Restaurant De Mariscos De Picon,2,U1106
Restaurant Oriental Express,2,U1106
Gorditas Doa Gloria,2,U1106
Unicol's Pizza,0,U1106
Cabana Huasteca,2,U1106
El Rincón De San Francisco,0,U1106
La Cantina Restaurante,0,U1106
Restaurante Casa De Las Flores,0,U1106
La Virreina,2,U1106
Cafeteria Y Restaurant El Pacifico,0,U1106
Luna Cafe,1,U1106
Little Caesars,2,U1107
Gorditas Doña Tota,2,U1107
Carnitas Mata Calle Emilio Portes Gil,2,U1107
Restaurante Tiberius,1,U1108
Restaurante El Reyecito,1,U1108
Gordas De Morales,2,U1108
McDonalds Parque Tangamanga,1,U1108
Cafeteria Y Restaurant El Pacifico,2,U1108
Tortas Locas Hipocampo,1,U1108
La Virreina,1,U1108
Restaurante La Parroquia Potosina,2,U1108
Cafe Chaires,1,U1108
Mariscos El Pescador,2,U1108
Pizzeria Julios,1,U1109
Restaurant La Chalita,2,U1109
Tortas Locas Hipocampo,2,U1109
Restaurante Tiberius,2,U1109
Restaurant Oriental Express,2,U1109
Restaurante Alhondiga,2,U1109
Cafeteria Y Restaurant El Pacifico,2,U1109
Puesto De Tacos,2,U1109
Unicol's Pizza,1,U1109
La Virreina,2,U1109
Kiku Cuernavaca,2,U1110
Giovannis,2,U1110
Restaurant Familiar El Chino,2,U1110
Subway,1,U1110
La Estrella De Dimas,1,U1111
Don Burguers,0,U1111
Tortas Y Hamburguesas El Gordo,0,U1111
Dominos Pizza,0,U1111
Potzocalli,2,U1111
KFC,2,U1111
Sirloin Stockade,1,U1111
Sirlone,2,U1111
Hamburguesas Valle Dorado,1,U1111
Restaurante La Cantina,2,U1111
Cenaduria El Rincón De Tlaquepaque,2,U1111
La Posada Del Virrey,1,U1112
Gorditas Doa Gloria,1,U1112
Cafe Chaires,0,U1112
Restaurante El Reyecito,0,U1112
Crudalia,1,U1112
McDonalds Parque Tangamanga,0,U1112
Restaurante Bar Fu-Hao,0,U1112
Restaurante El Cielo Potosino,0,U1112
Koye Sushi,1,U1112
La Parroquia,0,U1112
Restaurante El Chivero S.A. De C.V.,0,U1112
La Cantina,1,U1112
Restaurante Casa De Las Flores,0,U1112
Sirlone,0,U1113
Unicol's Pizza,0,U1113
Restaurante El Reyecito,2,U1113
Koye Sushi,1,U1113
Cafeteria Y Restaurant El Pacifico,0,U1113
Tortas Locas Hipocampo,1,U1113
El Herradero Restaurante And Bar,2,U1113
Restaurant La Chalita,1,U1113
La Estrella De Dimas,1,U1114
Cabana Huasteca,0,U1114
Sushi Itto,0,U1114
Gorditas Doa Gloria,0,U1114
Pizzeria Julios,1,U1114
Vips,0,U1114
Gordas De Morales,0,U1114
Restaurante Tiberius,0,U1114
El Angel Restaurante,0,U1114
Puesto De Tacos,0,U1114
La Fontana Pizza Restaurante And Cafe,0,U1114
Restaurante La Cantina,2,U1115
Restaurante 75,1,U1115
Rincon Huasteco,2,U1115
Abondance Restaurante Bar,1,U1115
Potzocalli,1,U1115
Restaurante Y Pescaderia Tampico,0,U1115
La Estrella De Dimas,2,U1115
El Herradero Restaurante And Bar,2,U1115
Gorditas Doa Gloria,2,U1116
Preambulo Wifi Zone Cafe,1,U1116
Puesto De Tacos,2,U1116
Restaurant Orizatlan,0,U1116
Restaurant Bar Hacienda Los Martinez,0,U1116
El Rincon De San Francisco,2,U1116
La Cantina Restaurante,2,U1116
Tortas Locas Hipocampo,2,U1116
Restaurant La Chalita,2,U1116
Restaurante Marisco Sam,0,U1116
Restaurante Casa De Las Flores,2,U1116
Restaurant Los Pinos,1,U1117
El Cotorreo,1,U1117
Arrachela Grill,2,U1117
Cafeteria Cenidet,1,U1117
Mikasa,0,U1117
El Oceano Dorado,1,U1117
Restaurant Teely,0,U1118
Vips,0,U1118
Restaurant And Bar And Clothesline Carlos N Charlies,0,U1118
Subway,2,U1118
Mariscos Tia Licha,0,U1118
McDonalds Centro,0,U1118
Chilis Cuernavaca,0,U1118
Mariscos Tia Licha,2,U1119
McDonalds Centro,2,U1119
Vips,2,U1119
Subway,0,U1119
Restaurant Las Mañanitas,2,U1119
Don Burguers,2,U1120
El Lechon Potosino,2,U1120
La Cantina,1,U1120
El Herradero Restaurante And Bar,2,U1120
Restaurant La Chalita,0,U1120
Restaurante La Gran Via,1,U1120
Cafeteria Y Restaurant El Pacifico,1,U1120
Cenaduria El Rincón De Tlaquepaque,1,U1120
Tortas Locas Hipocampo,0,U1120
Kiku Cuernavaca,2,U1121
Restaurant Familiar El Chino,2,U1121
Restaurant Bar Coty Y Pablo,2,U1121
Subway,0,U1121
La Fontana Pizza Restaurante And Cafe,2,U1122
Restaurante El Chivero S.A. De C.V.,1,U1122
Preambulo Wifi Zone Cafe,2,U1122
Tortas Locas Hipocampo,2,U1122
Restaurant La Chalita,2,U1122
Koye Sushi,2,U1122
Cabana Huasteca,2,U1122
Gorditas Doa Gloria,2,U1122
Restaurante Tiberius,2,U1122
Pizzeria Julios,2,U1122
El Angel Restaurante,2,U1122
Restaurante Guerra,2,U1122
Tacos De Barbacoa Enfrente Del Tec,1,U1123
Carnitas Mata,1,U1123
Carreton De Flautas Y Migadas,1,U1123
Little Pizza Emilio Portes Gil,1,U1123
Gorditas Doña Tota,1,U1123
Vips,2,U1123
Hamburguesas La Perica,1,U1123
Little Caesars,1,U1123
Restaurante La Estrella De Dima,0,U1124
Restaurant De Mariscos De Picon,1,U1124
El Herradero Restaurante And Bar,1,U1124
El Club,1,U1124
Abondance Restaurante Bar,1,U1124
Restaurante 75,1,U1124
Restaurante La Cantina,1,U1124
Cafeteria Y Restaurant El Pacifico,1,U1124
Potzocalli,1,U1124
Restaurante Y Pescaderia Tampico,1,U1124
Restaurante El Cielo Potosino,1,U1125
Restaurant La Chalita,2,U1125
Restaurante Marisco Sam,1,U1125
Restaurante Alhondiga,1,U1125
Restaurant Oriental Express,1,U1125
Cafeteria Y Restaurant El Pacifico,1,U1125
Restaurante Guerra,1,U1125
Restaurante La Estrella De Dima,2,U1125
Restaurante Pueblo Bonito,1,U1125
El Club,0,U1125
Pizza Clasica,1,U1125
Potzocalli,2,U1126
Restaurante Y Pescaderia Tampico,1,U1126
Restaurant La Chalita,1,U1126
Luna Cafe,2,U1126
La Cantina Restaurante,2,U1126
El Rincón De San Francisco,2,U1126
Restaurant Los Compadres,0,U1126
Rincon Huasteco,0,U1126
El Herradero Restaurante And Bar,2,U1126
Abondance Restaurante Bar,0,U1126
Sanborns Casa Piedra,2,U1127
Chilis Cuernavaca,2,U1127
Subway,2,U1127
Rincon Del Bife,2,U1127
Vips,0,U1128
La Parroquia,0,U1128
Restaurante Marisco Sam,0,U1128
Crudalia,0,U1128
Restaurante El Chivero S.A. De C.V.,0,U1128
El Pueblito,0,U1128
Koye Sushi,0,U1128
Shi Ro Ie,0,U1128
Restaurante Tiberius,0,U1128
La Fontana Pizza Restaurante And Cafe,0,U1128
Pizzeria Julios,0,U1128
Tacos Correcaminos,0,U1129
Cafe Ambar,1,U1129
Carnitas Mata  Calle 16 de Septiembre,0,U1129
Gorditas Dona Tota,0,U1129
Gorditas Dona Tota,1,U1130
La Perica Hamburguesa,0,U1130
Cafe Ambar,0,U1130
Carnitas Mata  Calle 16 de Septiembre,0,U1130
Tortas Y Hamburguesas El Gordo,0,U1131
KFC,2,U1131
La Estrella De Dimas,0,U1131
Chaires,2,U1131
Dominos Pizza,1,U1131
Restaurante Y Pescaderia Tampico,2,U1131
Restaurant Orizatlan,2,U1132
Restaurante Versalles,1,U1132
Cafeteria Y Restaurant El Pacifico,1,U1132
La Virreina,2,U1132
La Cantina Restaurante,2,U1132
El Rincon De San Francisco,1,U1132
Restaurante El Cielo Potosino,2,U1132
Tortas Locas Hipocampo,2,U1132
Puesto De Tacos,2,U1132
Restaurant La Chalita,1,U1132
Restaurant Bar Coty Y Pablo,1,U1133
Restaurant Teely,1,U1133
Rincon Del Bife,1,U1133
Vips,2,U1133
Subway,2,U1133
Restaurant Familiar El Chino,0,U1133
Mikasa,1,U1133
Restaurant Las Mañanitas,2,U1133
Restaurant And Bar And Clothesline Carlos N Charlies,1,U1133
Restaurante La Parroquia Potosina,2,U1134
Restaurante El Chivero S.A. De C.V.,2,U1134
Los Toneles,1,U1134
Mariscos El Pescador,2,U1134
Cafe Chaires,0,U1134
Cabana Huasteca,2,U1134
La Cochinita Pibil Restaurante Yucateco,2,U1134
Koye Sushi,1,U1134
Tortas Locas Hipocampo,2,U1134
Restaurante El Reyecito,2,U1134
El Angel Restaurante,2,U1134
Restaurant Bar Hacienda Los Martinez,2,U1134
Puesto De Tacos,1,U1134
Restaurant Wu Zhuo Yi,1,U1134
La Cantina,0,U1134
Restaurante Casa De Las Flores,1,U1134
Restaurante Marisco Sam,0,U1135
Restaurant Oriental Express,0,U1135
Cafeteria Y Restaurant El Pacifico,0,U1135
La Virreina,0,U1135
Restaurante La Gran Via,0,U1135
Unicol's Pizza,0,U1135
Restaurante Alhondiga,0,U1135
Restaurante Tiberius,0,U1135
Gorditas Doa Gloria,0,U1135
Puesto De Tacos,0,U1135
Luna Cafe,0,U1135
La Cantina Restaurante,0,U1135
El Rincón De San Francisco,0,U1135
Tortas Locas Hipocampo,0,U1135
La Virreina,2,U1136
Restaurante El Reyecito,2,U1136
Restaurante Bar Fu-Hao,1,U1136
Tacos Los Volcanes,2,U1136
Restaurante El Chivero S.A. De C.V.,1,U1136
La Cochinita Pibil Restaurante Yucateco,2,U1136
Sushi Itto,1,U1136
Crudalia,2,U1136
La Posada Del Virrey,2,U1136
Restaurante La Parroquia Potosina,1,U1136
Mariscos El Pescador,2,U1137
Restaurante De Mariscos La Langosta,2,U1137
Dairy Queen,2,U1137
Restaurant Oriental Express,2,U1137
La Estrella De Dimas,2,U1137
Gordas De Morales,2,U1137
Puesto De Tacos,2,U1137
Restaurante El Cielo Potosino,2,U1137
Restaurant Bar Hacienda Los Martinez,2,U1137
Restaurante Tiberius,0,U1137
La Posada Del Virrey,2,U1137
Gorditas Doa Gloria,2,U1137
Tortas Locas Hipocampo,2,U1137
Vips,2,U1137
El Pueblito,1,U1138
Cafe Punta Del Cielo,2,U1138
Crudalia,2,U1138
